Workbook

Sheet Start here
B2: Dabur International Digital: project tracker
B3: Suhail's digital marketing team: MENA and SSA, with support for India, Egypt, Turkey (Hobby) and Pakistan.
B5: How to use it
B6: 1 | C6: Find your own tab (Suhail, Nour, Sanya, Khushii). Only you and Suhail can edit your tab.
B7: 2 | C7: Add one row per project. Pick Market, Brand, Stream and Status from the dropdowns.
B8: 3 | C8: When something changes, rewrite "Latest update / next step" and set "Last updated" to today (Ctrl + ; types today's date).
B9: 4 | C9: If you are stuck or need Suhail, set Status to Blocked and write what you need in "Blocked on / need from Suhail".
B10: 5 | C10: For updates, ideas, learnings, deck links or questions, add a row in the Comments tab. Everyone can write there.
B11: 6 | C11: To comment on any single cell, on any tab, right-click it and choose Comment. Type @ and a name to email that person.
B13: The tabs
B14: Dashboard | C14: Suhail's overview: counts per person and market, what is overdue or blocked, latest comments. Fills itself in.
B15: All projects | C15: Every project from every person's tab in one list. Fills itself in, so don't type here.
B16: Your tab | C16: Your projects. This is the only place you add or change a project.
B17: Comments | C17: Shared notes for the whole team, including Manish and Nishant. Suhail replies in the last column.
B18: Lists | C18: The dropdown values (markets, brands, streams, agencies). Ask Suhail to add a new brand or agency.
B20: Colours
B21: Red row | C21: Overdue: the due date has passed and the project is not done.
B22: Amber row | C22: Blocked: waiting on someone or something.
B23: Grey text | C23: Done.
B24: Orange date | C24: Last updated more than 14 days ago.

Sheet Dashboard
B2: Dashboard
B3: Fills itself in from everyone's tabs. Active means not done. Overdue means past the due date and not done.
B5: By person
B6: Person | C6: Active | D6: In progress | E6: Blocked | F6: Overdue | G6: Due in next 14 days | H6: Done
B7: ='Suhail'!A1 | C7: =COUNTIFS('All projects'!$A$3:$A,$B7,'All projects'!$F$3:$F,"<>Done") | D7: =COUNTIFS('All projects'!$A$3:$A,$B7,'All projects'!$F$3:$F,D$6) | E7: =COUNTIFS('All projects'!$A$3:$A,$B7,'All projects'!$F$3:$F,E$6) | F7: =COUNTIFS('All projects'!$A$3:$A,$B7,'All projects'!$F$3:$F,"<>Done",'All projects'!$G$3:$G,"<"&TODAY()) | G7: =COUNTIFS('All projects'!$A$3:$A,$B7,'All projects'!$F$3:$F,"<>Done",'All projects'!$G$3:$G,">="&TODAY(),'All projects'!$G$3:$G,"<="&TODAY()+14) | H7: =COUNTIFS('All projects'!$A$3:$A,$B7,'All projects'!$F$3:$F,H$6)
B8: ='Nour'!A1 | C8: =COUNTIFS('All projects'!$A$3:$A,$B8,'All projects'!$F$3:$F,"<>Done") | D8: =COUNTIFS('All projects'!$A$3:$A,$B8,'All projects'!$F$3:$F,D$6) | E8: =COUNTIFS('All projects'!$A$3:$A,$B8,'All projects'!$F$3:$F,E$6) | F8: =COUNTIFS('All projects'!$A$3:$A,$B8,'All projects'!$F$3:$F,"<>Done",'All projects'!$G$3:$G,"<"&TODAY()) | G8: =COUNTIFS('All projects'!$A$3:$A,$B8,'All projects'!$F$3:$F,"<>Done",'All projects'!$G$3:$G,">="&TODAY(),'All projects'!$G$3:$G,"<="&TODAY()+14) | H8: =COUNTIFS('All projects'!$A$3:$A,$B8,'All projects'!$F$3:$F,H$6)
B9: ='Sanya'!A1 | C9: =COUNTIFS('All projects'!$A$3:$A,$B9,'All projects'!$F$3:$F,"<>Done") | D9: =COUNTIFS('All projects'!$A$3:$A,$B9,'All projects'!$F$3:$F,D$6) | E9: =COUNTIFS('All projects'!$A$3:$A,$B9,'All projects'!$F$3:$F,E$6) | F9: =COUNTIFS('All projects'!$A$3:$A,$B9,'All projects'!$F$3:$F,"<>Done",'All projects'!$G$3:$G,"<"&TODAY()) | G9: =COUNTIFS('All projects'!$A$3:$A,$B9,'All projects'!$F$3:$F,"<>Done",'All projects'!$G$3:$G,">="&TODAY(),'All projects'!$G$3:$G,"<="&TODAY()+14) | H9: =COUNTIFS('All projects'!$A$3:$A,$B9,'All projects'!$F$3:$F,H$6)
B10: ='Khushii'!A1 | C10: =COUNTIFS('All projects'!$A$3:$A,$B10,'All projects'!$F$3:$F,"<>Done") | D10: =COUNTIFS('All projects'!$A$3:$A,$B10,'All projects'!$F$3:$F,D$6) | E10: =COUNTIFS('All projects'!$A$3:$A,$B10,'All projects'!$F$3:$F,E$6) | F10: =COUNTIFS('All projects'!$A$3:$A,$B10,'All projects'!$F$3:$F,"<>Done",'All projects'!$G$3:$G,"<"&TODAY()) | G10: =COUNTIFS('All projects'!$A$3:$A,$B10,'All projects'!$F$3:$F,"<>Done",'All projects'!$G$3:$G,">="&TODAY(),'All projects'!$G$3:$G,"<="&TODAY()+14) | H10: =COUNTIFS('All projects'!$A$3:$A,$B10,'All projects'!$F$3:$F,H$6)
B11: ='Team member 4'!A1 | C11: =COUNTIFS('All projects'!$A$3:$A,$B11,'All projects'!$F$3:$F,"<>Done") | D11: =COUNTIFS('All projects'!$A$3:$A,$B11,'All projects'!$F$3:$F,D$6) | E11: =COUNTIFS('All projects'!$A$3:$A,$B11,'All projects'!$F$3:$F,E$6) | F11: =COUNTIFS('All projects'!$A$3:$A,$B11,'All projects'!$F$3:$F,"<>Done",'All projects'!$G$3:$G,"<"&TODAY()) | G11: =COUNTIFS('All projects'!$A$3:$A,$B11,'All projects'!$F$3:$F,"<>Done",'All projects'!$G$3:$G,">="&TODAY(),'All projects'!$G$3:$G,"<="&TODAY()+14) | H11: =COUNTIFS('All projects'!$A$3:$A,$B11,'All projects'!$F$3:$F,H$6)
B12: Team total | C12: =SUM(C7:C11) | D12: =SUM(D7:D11) | E12: =SUM(E7:E11) | F12: =SUM(F7:F11) | G12: =SUM(G7:G11) | H12: =SUM(H7:H11)
B14: By market
B15: Market | C15: Active | D15: In progress | E15: Blocked | F15: Overdue | G15: Due in next 14 days | H15: Done
B16: =Lists!A2 | C16: =COUNTIFS('All projects'!$C$3:$C,$B16,'All projects'!$F$3:$F,"<>Done") | D16: =COUNTIFS('All projects'!$C$3:$C,$B16,'All projects'!$F$3:$F,D$15) | E16: =COUNTIFS('All projects'!$C$3:$C,$B16,'All projects'!$F$3:$F,E$15) | F16: =COUNTIFS('All projects'!$C$3:$C,$B16,'All projects'!$F$3:$F,"<>Done",'All projects'!$G$3:$G,"<"&TODAY()) | G16: =COUNTIFS('All projects'!$C$3:$C,$B16,'All projects'!$F$3:$F,"<>Done",'All projects'!$G$3:$G,">="&TODAY(),'All projects'!$G$3:$G,"<="&TODAY()+14) | H16: =COUNTIFS('All projects'!$C$3:$C,$B16,'All projects'!$F$3:$F,H$15)
B17: =Lists!A3 | C17: =COUNTIFS('All projects'!$C$3:$C,$B17,'All projects'!$F$3:$F,"<>Done") | D17: =COUNTIFS('All projects'!$C$3:$C,$B17,'All projects'!$F$3:$F,D$15) | E17: =COUNTIFS('All projects'!$C$3:$C,$B17,'All projects'!$F$3:$F,E$15) | F17: =COUNTIFS('All projects'!$C$3:$C,$B17,'All projects'!$F$3:$F,"<>Done",'All projects'!$G$3:$G,"<"&TODAY()) | G17: =COUNTIFS('All projects'!$C$3:$C,$B17,'All projects'!$F$3:$F,"<>Done",'All projects'!$G$3:$G,">="&TODAY(),'All projects'!$G$3:$G,"<="&TODAY()+14) | H17: =COUNTIFS('All projects'!$C$3:$C,$B17,'All projects'!$F$3:$F,H$15)
B18: =Lists!A4 | C18: =COUNTIFS('All projects'!$C$3:$C,$B18,'All projects'!$F$3:$F,"<>Done") | D18: =COUNTIFS('All projects'!$C$3:$C,$B18,'All projects'!$F$3:$F,D$15) | E18: =COUNTIFS('All projects'!$C$3:$C,$B18,'All projects'!$F$3:$F,E$15) | F18: =COUNTIFS('All projects'!$C$3:$C,$B18,'All projects'!$F$3:$F,"<>Done",'All projects'!$G$3:$G,"<"&TODAY()) | G18: =COUNTIFS('All projects'!$C$3:$C,$B18,'All projects'!$F$3:$F,"<>Done",'All projects'!$G$3:$G,">="&TODAY(),'All projects'!$G$3:$G,"<="&TODAY()+14) | H18: =COUNTIFS('All projects'!$C$3:$C,$B18,'All projects'!$F$3:$F,H$15)
B19: =Lists!A5 | C19: =COUNTIFS('All projects'!$C$3:$C,$B19,'All projects'!$F$3:$F,"<>Done") | D19: =COUNTIFS('All projects'!$C$3:$C,$B19,'All projects'!$F$3:$F,D$15) | E19: =COUNTIFS('All projects'!$C$3:$C,$B19,'All projects'!$F$3:$F,E$15) | F19: =COUNTIFS('All projects'!$C$3:$C,$B19,'All projects'!$F$3:$F,"<>Done",'All projects'!$G$3:$G,"<"&TODAY()) | G19: =COUNTIFS('All projects'!$C$3:$C,$B19,'All projects'!$F$3:$F,"<>Done",'All projects'!$G$3:$G,">="&TODAY(),'All projects'!$G$3:$G,"<="&TODAY()+14) | H19: =COUNTIFS('All projects'!$C$3:$C,$B19,'All projects'!$F$3:$F,H$15)
B20: =Lists!A6 | C20: =COUNTIFS('All projects'!$C$3:$C,$B20,'All projects'!$F$3:$F,"<>Done") | D20: =COUNTIFS('All projects'!$C$3:$C,$B20,'All projects'!$F$3:$F,D$15) | E20: =COUNTIFS('All projects'!$C$3:$C,$B20,'All projects'!$F$3:$F,E$15) | F20: =COUNTIFS('All projects'!$C$3:$C,$B20,'All projects'!$F$3:$F,"<>Done",'All projects'!$G$3:$G,"<"&TODAY()) | G20: =COUNTIFS('All projects'!$C$3:$C,$B20,'All projects'!$F$3:$F,"<>Done",'All projects'!$G$3:$G,">="&TODAY(),'All projects'!$G$3:$G,"<="&TODAY()+14) | H20: =COUNTIFS('All projects'!$C$3:$C,$B20,'All projects'!$F$3:$F,H$15)
B21: =Lists!A7 | C21: =COUNTIFS('All projects'!$C$3:$C,$B21,'All projects'!$F$3:$F,"<>Done") | D21: =COUNTIFS('All projects'!$C$3:$C,$B21,'All projects'!$F$3:$F,D$15) | E21: =COUNTIFS('All projects'!$C$3:$C,$B21,'All projects'!$F$3:$F,E$15) | F21: =COUNTIFS('All projects'!$C$3:$C,$B21,'All projects'!$F$3:$F,"<>Done",'All projects'!$G$3:$G,"<"&TODAY()) | G21: =COUNTIFS('All projects'!$C$3:$C,$B21,'All projects'!$F$3:$F,"<>Done",'All projects'!$G$3:$G,">="&TODAY(),'All projects'!$G$3:$G,"<="&TODAY()+14) | H21: =COUNTIFS('All projects'!$C$3:$C,$B21,'All projects'!$F$3:$F,H$15)
B22: =Lists!A8 | C22: =COUNTIFS('All projects'!$C$3:$C,$B22,'All projects'!$F$3:$F,"<>Done") | D22: =COUNTIFS('All projects'!$C$3:$C,$B22,'All projects'!$F$3:$F,D$15) | E22: =COUNTIFS('All projects'!$C$3:$C,$B22,'All projects'!$F$3:$F,E$15) | F22: =COUNTIFS('All projects'!$C$3:$C,$B22,'All projects'!$F$3:$F,"<>Done",'All projects'!$G$3:$G,"<"&TODAY()) | G22: =COUNTIFS('All projects'!$C$3:$C,$B22,'All projects'!$F$3:$F,"<>Done",'All projects'!$G$3:$G,">="&TODAY(),'All projects'!$G$3:$G,"<="&TODAY()+14) | H22: =COUNTIFS('All projects'!$C$3:$C,$B22,'All projects'!$F$3:$F,H$15)
B23: =Lists!A9 | C23: =COUNTIFS('All projects'!$C$3:$C,$B23,'All projects'!$F$3:$F,"<>Done") | D23: =COUNTIFS('All projects'!$C$3:$C,$B23,'All projects'!$F$3:$F,D$15) | E23: =COUNTIFS('All projects'!$C$3:$C,$B23,'All projects'!$F$3:$F,E$15) | F23: =COUNTIFS('All projects'!$C$3:$C,$B23,'All projects'!$F$3:$F,"<>Done",'All projects'!$G$3:$G,"<"&TODAY()) | G23: =COUNTIFS('All projects'!$C$3:$C,$B23,'All projects'!$F$3:$F,"<>Done",'All projects'!$G$3:$G,">="&TODAY(),'All projects'!$G$3:$G,"<="&TODAY()+14) | H23: =COUNTIFS('All projects'!$C$3:$C,$B23,'All projects'!$F$3:$F,H$15)
B25: Needs attention: overdue or blocked
B26: Owner | C26: Project | D26: Market | E26: Status | F26: Due date | G26: Blocked on / need from Suhail
B27: =IFERROR(QUERY('All projects'!A3:L,"select A,B,C,F,G,I where F = 'Blocked' or (G < date '"&TEXT(TODAY(),"yyyy-mm-dd")&"' and F <> 'Done') order by G",0),"Nothing overdue or blocked.")
B58: Due in the next 14 days
B59: Owner | C59: Project | D59: Market | E59: Status | F59: Due date | G59: Latest update / next step
B60: =IFERROR(QUERY('All projects'!A3:L,"select A,B,C,F,G,H where F <> 'Done' and G >= date '"&TEXT(TODAY(),"yyyy-mm-dd")&"' and G <= date '"&TEXT(TODAY()+14,"yyyy-mm-dd")&"' order by G",0),"Nothing due in the next 14 days.")
B91: Latest comments
B92: Date | C92: Who | D92: Project | E92: Type | F92: Comment | G92: Reply from Suhail
B93: =IFERROR(QUERY(Comments!A3:G,"select A,B,C,D,E,G where E <> '' order by A desc limit 10",0),"No comments yet.")

Sheet All projects
A1: All projects | C1: Fills itself in from each person's tab. Don't type here; change projects on the owner's tab.
A2: Owner | B2: Project | C2: Market | D2: Brand | E2: Stream | F2: Status | G2: Due date | H2: Latest update / next step | I2: Blocked on / need from Suhail | J2: Agency | K2: Link (brief, deck, folder) | L2: Last updated
A3: =ARRAYFORMULA(QUERY({IF(LEN('Suhail'!A3:A),'Suhail'!$A$1,),'Suhail'!A3:K; IF(LEN('Nour'!A3:A),'Nour'!$A$1,),'Nour'!A3:K; IF(LEN('Sanya'!A3:A),'Sanya'!$A$1,),'Sanya'!A3:K; IF(LEN('Khushii'!A3:A),'Khushii'!$A$1,),'Khushii'!A3:K; IF(LEN('Team member 4'!A3:A),'Team member 4'!$A$1,),'Team member 4'!A3:K},"select * where Col2 <> ''",0))

Sheet Suhail
A1: Suhail | B1: Only Suhail and Suhail can edit this tab. One row per project; use the dropdowns.
A2: Project | B2: Market | C2: Brand | D2: Stream | E2: Status | F2: Due date | G2: Latest update / next step | H2: Blocked on / need from Suhail | I2: Agency | J2: Link (brief, deck, folder) | K2: Last updated
A3: Hobby Kenya Micro Dramas Shoot | B3: SSA | E3: In progress | F3: 46307 | G3: Storyboard First cut ready, Main Cast locked, Support cast WIP, Production location WIP, Agreement with creators WIP. PPM date to be locked. Travel Approvals to be taken and ready. Final Shoot date - 19, 21, 22, 23 (4 Day Shoot) | I3: Creative Stitch | K3: 46299
A4: Enhance digital marketing | D4: Big Bets | E4: Done | K4: 46297
A5: Gemini / AI in the team's work | D5: AI Projects | E5: In progress | K5: 46297

Sheet Nour
A1: Nour | B1: Only Nour and Suhail can edit this tab. One row per project; use the dropdowns.
A2: Project | B2: Market | C2: Brand | D2: Stream | E2: Status | F2: Due date | G2: Latest update / next step | H2: Blocked on / need from Suhail | I2: Agency | J2: Link (brief, deck, folder) | K2: Last updated
A3: 100k Giveaway Influencer Iraq, Jordan | B3: MENA | D3: Influencer Marketing | E3: In progress | F3: 46316 | I3: Sagerlabs | K3: 46299
A4: Iraq Mega Influencers Campaign (EHO+ SHAMPOO) | B4: MENA | C4: Vatika | D4: Influencer Marketing | E4: Not started | F4: 46325 | G4: Influencer to receive the products | K4: 46302
A5: KSA BULK DEAL - BODYWASH | B5: MENA | C5: Vatika Bodywash | D5: Influencer Marketing | E5: In progress | F5: 46325 | G5: Reviewing the videos and adding feedback | K5: 46302
A6: KSA HOBBY STORE VISIT | B6: MENA | C6: Hobby | D6: Influencer Marketing | E6: In progress | F6: 46325 | K6: 46302
A7: MOROCCO - MISWAK BULK DEAL | B7: MENA | C7: Dabur Miswak | D7: Influencer Marketing | E7: In progress | F7: 46325 | K7: 46302
A8: SWAVY - WOWTIKA | B8: MENA | C8: Multi-brand | D8: Influencer Marketing | E8: In progress | F8: 46325 | K8: 46302
A9: Vatika Bodywash Cafe Collab | B9: MENA | D9: Digital Activations | E9: In progress | F9: 46356 | I9: Anphonic | K9: 46299
A10: THE VATIKA HOUSE | B10: MENA | C10: Multi-brand | D10: Big Bets | E10: In progress | F10: 46419 | K10: 46302
A11: INTERN ROOM REVAMP | E11: In progress | K11: 46302

Sheet Sanya
A1: Sanya | B1: Only Sanya and Suhail can edit this tab. One row per project; use the dropdowns.
A2: Project | B2: Market | C2: Brand | D2: Stream | E2: Status | F2: Due date | G2: Latest update / next step | H2: Blocked on / need from Suhail | I2: Agency | J2: Link (brief, deck, folder) | K2: Last updated
A3: 100K Giveaway Social Creative | B3: MENA | D3: Social Media Management | E3: In progress | F3: 46300 | I3: Saturday Communication | K3: 46302
A4: 100K Giveaway Infl UAE, KSA, North Africa | B4: MENA | D4: Influencer Marketing | E4: In progress | I4: Anphonic | K4: 46299
A5: 100k Giveaway Infl Kuwait | B5: MENA | E5: In progress | I5: Ghost Agency | K5: 46299

Sheet Khushii
A1: Khushii | B1: Only Khushii and Suhail can edit this tab. One row per project; use the dropdowns.
A2: Project | B2: Market | C2: Brand | D2: Stream | E2: Status | F2: Due date | G2: Latest update / next step | H2: Blocked on / need from Suhail | I2: Agency | J2: Link (brief, deck, folder) | K2: Last updated

Sheet Team member 4
A1: Team member 4 | B1: For the fourth team member: change the name in A1 and rename this tab. Only they and Suhail can edit it.
A2: Project | B2: Market | C2: Brand | D2: Stream | E2: Status | F2: Due date | G2: Latest update / next step | H2: Blocked on / need from Suhail | I2: Agency | J2: Link (brief, deck, folder) | K2: Last updated

Sheet Comments
A1: Comments | C1: Everyone can write here. Newest at the bottom; the Dashboard shows the latest 10. Suhail replies in column G.
A2: Date | B2: Who | C2: Project (or General) | D2: Type | E2: Comment | F2: Link | G2: Reply from Suhail

Sheet Lists
A1: Markets | B1: Brands | C1: Streams | D1: Status | E1: Agencies | F1: People | G1: Comment types
A2: MENA | B2: Multi-brand | C2: Performance Marketing | D2: Not started | E2: Anphonic | F2: Suhail | G2: Update
A3: SSA | B3: Dabur Amla | C3: Influencer Marketing | D3: In progress | E3: Creative Stitch | F3: Nour | G3: Idea
A4: India | B4: Vatika | C4: Content Creators | D4: Blocked | E4: Ghost Agency | F4: Sanya | G4: Learning
A5: Egypt | B5: Dabur Red | C5: Social Media Management | D5: Done | E5: Sagerlabs | F5: Khushii | G5: Expectation
A6: Turkey (Hobby) | B6: Dabur Herb'l | C6: Website / Tech | E6: Saturday Communication | F6: Team member 4 | G6: PPT / deck
A7: Pakistan | B7: Herbolene | C7: SEO / GEO | F7: Manish | G7: Question for Suhail
A8: Multi-market | B8: Hobby | C8: AI Projects | F8: Nishant | G8: Urgent flag
A9: Internal | B9: Fem | C9: Big Bets
B10: ORS Olive Oil | C10: Digital Activations
B11: Dermoviva | C11: Digital Production
B12: Honitus | C12: ORM
B13: Dabur Chyawanprash | C13: Others
B14: GenZ LIC & Serum | C14: Dashboards
B15: Vatika Curls | C15: Sentiment Analysis
B16: FreshNUp
B17: Herbolene Lotion
B18: Vatika Bodywash
B19: Amla Batana
B20: Amla Rosemary
B21: Vatika Menz Hair Cream
B22: Vatika Sciencification
B23: Vatika Batana Range
B24: Vatika Rosemary Range
B25: Vatika Hair Masks
B26: Vatika Onion Range
B27: Herbolene Pet Jelly Blue
... B32: Dabur Miswak
